username,display_name,bio,tags,is_active,created_at,location,profile_image_url
simrun_chopra,Simrun Chopra,Certified fitness coach specializing in women's health and weight management,"{fitness, wellness, weightloss}",t,2025-05-31 17:47:00,"Mumbai, India",https://randomuser.me/api/portraits/women/5.jpg
yasmin_karachiwala,Yasmin Karachiwala,Celebrity Pilates instructor and founder of YKBI,"{fitness, pilates, wellness}",t,2025-05-31 17:47:00,"Mumbai, India",https://randomuser.me/api/portraits/women/10.jpg
biglee_murali,Biglee Murali,Professional bodybuilder and fitness trainer,"{fitness, bodybuilding, nutrition}",t,2025-05-31 17:47:00,"Delhi, India",https://randomuser.me/api/portraits/men/15.jpg
niharika_vashisht,Niharika Vashisht,Pilates trainer and fitness influencer,"{fitness, pilates, health}",t,2025-05-31 17:47:00,India,https://randomuser.me/api/portraits/women/15.jpg
nidhi_agrawal,Nidhi Agrawal,Nutritionist and wellness coach,"{fitness, nutrition, wellness}",t,2025-05-31 17:47:00,India,https://randomuser.me/api/portraits/women/20.jpg
sheena_roy,Sheena Roy,Nutrition coach and behavior change specialist,"{fitness, nutrition, weightloss}",t,2025-05-31 17:47:00,India,https://randomuser.me/api/portraits/women/25.jpg
tejas_yadav,Tejas Yadav,Fitness trainer and gym owner,"{fitness, training}",t,2025-05-31 17:47:00,India,https://randomuser.me/api/portraits/men/10.jpg
rohit_khatri,Rohit Khatri,CrossFit coach and fitness influencer,"{fitness, crossfit, training}",t,2025-05-31 17:47:00,India,https://randomuser.me/api/portraits/men/5.jpg
nishika_mehta,Nishika Mehta,Fitness entrepreneur and YouTuber,"{fitness, entrepreneurship}",t,2025-05-31 17:47:00,India,https://randomuser.me/api/portraits/women/35.jpg
pallavi_yadav,Pallavi Yadav,Lifestyle and fitness enthusiast,"{fitness, wellness, lifestyle}",t,2025-05-31 17:47:00,India,https://randomuser.me/api/portraits/women/40.jpg
trendy_criminal,Trendy Criminal,Fitness motivational coach with focus on women's fitness,"{fitness, motivation, training}",t,2025-05-31 17:47:00,"Chandigarh, India",https://randomuser.me/api/portraits/women/30.jpg
lakshya_archana_singh,Lakshya Archana Singh,Fitness influencer and body transformation coach,"{fitness, weightloss}",t,2025-05-31 17:47:00,"Haryana, India",https://randomuser.me/api/portraits/women/50.jpg
naveen_jangid,Naveen Jangid,Bodybuilding athlete and fitness model,"{fitness, bodybuilding}",t,2025-05-31 17:47:00,India,https://randomuser.me/api/portraits/men/20.jpg
luke_coutinho,Luke Coutinho,Celebrity holistic lifestyle coach and nutritionist,"{wellness, nutrition, lifestyle}",t,2025-05-31 17:47:00,"Mumbai, India",https://randomuser.me/api/portraits/men/25.jpg
ankita_singh,Ankita Singh,Personal trainer and wellness blogger,"{fitness, wellness}",t,2025-05-31 17:47:00,India,https://randomuser.me/api/portraits/women/45.jpg
ashu_fitness,Ashu Sharma,Personal trainer and fitness coach,"{fitness, training}",t,2025-05-31 17:47:00,India,https://randomuser.me/api/portraits/men/113.jpg
madhuri_vijay,Madhuri Vijay,Fitness model and influencer,"{fitness, modeling}",t,2025-05-31 17:47:00,India,https://randomuser.me/api/portraits/women/114.jpg
rahul_trains,Rahul Kumar,Weight loss coach and motivational speaker,"{fitness, weightloss}",t,2025-05-31 17:47:00,India,https://randomuser.me/api/portraits/men/115.jpg
sneha_fit,Sneha Reddy,Yoga and wellness instructor,"{fitness, yoga}",t,2025-05-31 17:47:00,India,https://randomuser.me/api/portraits/women/116.jpg
vikram_fitness,Vikram Singh,CrossFit athlete and coach,"{fitness, CrossFit}",t,2025-05-31 17:47:00,India,https://randomuser.me/api/portraits/men/117.jpg
nagmamirajkar,Nagma Mirajkar,Fashion stylist and influencer,"{fashion, style, blogging}",t,2025-05-31 17:47:00,"Mumbai, India",https://randomuser.me/api/portraits/women/1.jpg
the_rebel_kid,Karron Dhingra,Men's fashion influencer known as The Rebel Kid,"{fashion, men_style, lifestyle}",t,2025-05-31 17:47:00,"Mumbai, India",https://randomuser.me/api/portraits/men/2.jpg
barkha_singh,Barkha Singh,Actress and fashion enthusiast,"{fashion, entertainment, lifestyle}",t,2025-05-31 17:47:00,India,https://randomuser.me/api/portraits/women/3.jpg
the_formal_edit,Shivani Singh,Men's fashion blogger and stylist,"{fashion, men_style, grooming}",t,2025-05-31 17:47:00,"New Delhi, India",https://randomuser.me/api/portraits/women/4.jpg
isha_borah,Isha Borah,Fashion blogger and designer,"{fashion, lifestyle, blogging}",t,2025-05-31 17:47:00,"Bengaluru, India",https://randomuser.me/api/portraits/women/6.jpg
thatbohogirl,Kritika Khurana,Fashion and travel influencer,"{fashion, travel, lifestyle}",t,2025-05-31 17:47:00,"New Delhi, India",https://randomuser.me/api/portraits/women/7.jpg
dolly_singh,Dolly Singh,Comedian and style creator,"{fashion, comedy, lifestyle}",t,2025-05-31 17:47:00,India,https://randomuser.me/api/portraits/women/8.jpg
aayushi_vermaa,Aayushi Verma,Fashion influencer and content creator,"{fashion, lifestyle}",t,2025-05-31 17:47:00,India,https://randomuser.me/api/portraits/women/9.jpg
masoom_minawala,Masoom Minawala,Fashion entrepreneur and global influencer,"{fashion, business}",t,2025-05-31 17:47:00,"Mumbai, India",https://randomuser.me/api/portraits/women/10.jpg
shetroublemaker,Meghna Kaur,Podcaster and fashion enthusiast,"{fashion, podcast, lifestyle}",t,2025-05-31 17:47:00,India,https://randomuser.me/api/portraits/women/11.jpg
radhika_sethh,Radhika Seth,Brand strategist and lifestyle blogger,"{fashion, beauty, podcast}",t,2025-05-31 17:47:00,India,https://randomuser.me/api/portraits/women/12.jpg
nitibhakaul,Nitibha Kaul,Beauty and lifestyle influencer,"{beauty, lifestyle, fashion}",t,2025-05-31 17:47:00,"New Delhi, India",https://randomuser.me/api/portraits/women/13.jpg
aashnahegde,Aashna Hegde,Fashion and lifestyle blogger,"{fashion, beauty, lifestyle}",t,2025-05-31 17:47:00,India,https://randomuser.me/api/portraits/women/14.jpg
aashnashroff,Aashna Shroff,Fashion and beauty content creator,"{fashion, beauty, lifestyle}",t,2025-05-31 17:47:00,"Mumbai, India",https://randomuser.me/api/portraits/women/15.jpg
aakritiranaofficial,Aakriti Rana,Lifestyle and travel blogger,"{travel, lifestyle, fashion}",t,2025-05-31 17:47:00,"Pune, India",https://randomuser.me/api/portraits/women/16.jpg
unnati_m,Unnati Malharkar,Lifestyle and beauty content creator,"{lifestyle, beauty, fashion, dance}",t,2025-05-31 17:47:00,India,https://randomuser.me/api/portraits/women/17.jpg
leishapatidarrr,Leisha Patidar,Fashion and styling content creator,"{fashion, beauty, lifestyle}",t,2025-05-31 17:47:00,India,https://randomuser.me/api/portraits/women/18.jpg
thesassthing_,Somya Gupta,Lifestyle vlogger and entrepreneur,"{lifestyle, travel, family}",t,2025-05-31 17:47:00,India,https://randomuser.me/api/portraits/women/19.jpg
sankett25,Sanket Mehta,Men's fashion and lifestyle blogger,"{fashion, lifestyle}",t,2025-05-31 17:47:00,"Mumbai, India",https://randomuser.me/api/portraits/men/20.jpg
shivani_singhh,Shivani Singh,Fashion and lifestyle influencer,"{fashion, lifestyle}",t,2025-05-31 17:47:00,"Mumbai, India",https://randomuser.me/api/portraits/women/21.jpg
dimpi_sanghvi,Dimpi Sanghvi,Luxury travel vlogger and SpaMasala TV host,"{travel, luxury, lifestyle}",t,2025-05-31 17:47:00,India,https://randomuser.me/api/portraits/women/22.jpg
shenaz_treasury,Shenaz Treasurywala,Travel and lifestyle influencer,"{travel, lifestyle}",t,2025-05-31 17:47:00,India,https://randomuser.me/api/portraits/women/23.jpg
brinda_sharma,Brinda Sharma,Travel photographer and entrepreneur,"{travel, photography, entrepreneurship}",t,2025-05-31 17:47:00,India,https://randomuser.me/api/portraits/women/24.jpg
bruisedpassports,Bruised Passports,Travel blog by an Indian couple,"{travel, adventure}",t,2025-05-31 17:47:00,India,https://randomuser.me/api/portraits/men/25.jpg
anunay_sood,Anunay Sood,Men's fashion enthusiast and travel blogger,"{travel, fashion}",t,2025-05-31 17:47:00,India,https://randomuser.me/api/portraits/men/26.jpg
aakanksha.monga,Aakanksha Monga,Lifestyle and travel content creator,"{travel, lifestyle}",t,2025-05-31 17:47:00,"Delhi, India",https://randomuser.me/api/portraits/women/26.jpg
isa_khan,Isa Khan,Travel and coffee culture blogger,"{travel, lifestyle, food}",t,2025-05-31 17:47:00,India,https://randomuser.me/api/portraits/men/27.jpg
lakshyarajsinghmewar,Lakshyaraj S. Mewar,Luxury travel influencer and author,"{travel, luxury, culture}",t,2025-05-31 17:47:00,India,https://randomuser.me/api/portraits/men/28.jpg
tanyakhanijow,Tanya Khanijow,Wildlife and travel photographer,"{travel, wildlife}",t,2025-05-31 17:47:00,India,https://randomuser.me/api/portraits/women/27.jpg
ridergirlvishakha,Vishakha Simhadhri,Adventure travel and motorcycle enthusiast,"{travel, adventure, motorcycling}",t,2025-05-31 17:47:00,"Mumbai, India",https://randomuser.me/api/portraits/women/28.jpg
larissa_wlc,Larissa D'souza,Travel and sustainability blogger,"{travel, sustainability}",t,2025-05-31 17:47:00,"Mumbai, India",https://randomuser.me/api/portraits/women/29.jpg
eattripclick,EATT of TripClick,Food and travel blogger,"{food, travel}",t,2025-05-31 17:47:00,India,https://randomuser.me/api/portraits/women/30.jpg
radhika_nomllers,Radhika Bose,Family travel and lifestyle vlogger,"{travel, lifestyle}",t,2025-05-31 17:47:00,India,https://randomuser.me/api/portraits/women/31.jpg
yogasini,Yogasini,Yoga instructor and travel content creator,"{travel, wellness, yoga}",t,2025-05-31 17:47:00,India,https://randomuser.me/api/portraits/women/32.jpg
shashank_sanghvi,Shashank Sanghvi,Luxury lifestyle and travel influencer,"{travel, luxury}",t,2025-05-31 17:47:00,India,https://randomuser.me/api/portraits/men/29.jpg
savi_munjal,Savi Munjal,Travel blogger and influencer,"{travel, lifestyle}",t,2025-05-31 17:47:00,India,https://randomuser.me/api/portraits/women/33.jpg
vidit_taneja,Vidit Taneja,Adventure travel content creator,"{travel, adventure}",t,2025-05-31 17:47:00,India,https://randomuser.me/api/portraits/men/30.jpg
mohan_srivastava,Mohan Srivastava,Street food and travel photographer,"{travel, food, photography}",t,2025-05-31 17:47:00,India,https://randomuser.me/api/portraits/men/31.jpg
poorna_banerjee,Poorna Banerjee,Solo female travel blogger,"{travel, adventure}",t,2025-05-31 17:47:00,India,https://randomuser.me/api/portraits/women/34.jpg
shivya_nath,Shivya Nath,Solo travel writer and blogger,"{travel, writing, sustainability}",t,2025-05-31 17:47:00,India,https://randomuser.me/api/portraits/women/35.jpg
kunalkapur,Kunal Kapur,Celebrity chef and culinary expert,"{food, cooking, recipes}",t,2025-05-31 17:47:00,India,https://randomuser.me/api/portraits/men/32.jpg
ranveer_brar,Ranveer Brar,"Celebrity chef, restaurateur and TV host","{food, cooking, restaurants}",t,2025-05-31 17:47:00,India,https://randomuser.me/api/portraits/men/33.jpg
nishamadhulika,Nisha Madhulika,Popular home-cooking YouTuber,"{food, cooking, vegetarian}",t,2025-05-31 17:47:00,India,https://randomuser.me/api/portraits/women/36.jpg
sanjeevkapoor,Sanjeev Kapoor,Veteran chef and TV personality,"{food, cooking}",t,2025-05-31 17:47:00,India,https://randomuser.me/api/portraits/men/34.jpg
archana_dosanjh,Archana Dosanjh,Food blogger and cookbook author,"{food, recipes, blogging}",t,2025-05-31 17:47:00,India,https://randomuser.me/api/portraits/women/37.jpg
yogeshagarwal,Yogesh Agarwal,YouTube chef known as Cooking Shooking,"{food, streetfood}",t,2025-05-31 17:47:00,India,https://randomuser.me/api/portraits/men/35.jpg
kabita_singh,Kabita Singh,Culinary creator focusing on traditional recipes,"{food, recipes, regional_cuisine}",t,2025-05-31 17:47:00,India,https://randomuser.me/api/portraits/women/38.jpg
vikas_tulsyan,Vikas Tulsyan,Chef and author specializing in Indian cuisine,"{food, cooking}",t,2025-05-31 17:47:00,India,https://randomuser.me/api/portraits/men/36.jpg
chef_kunal,Chef Kunal,Celebrity chef and entrepreneur,"{food, cooking, entrepreneurship}",t,2025-05-31 17:47:00,India,https://randomuser.me/api/portraits/men/37.jpg
abhishek_ramesh,Abhishek Ramesh,Food stylist and social media influencer,"{food, styling, lifestyle}",t,2025-05-31 17:47:00,India,https://randomuser.me/api/portraits/men/38.jpg
shivesh_bhatia,Shivesh Bhatia,Baker and social media food celebrity,"{food, baking}",t,2025-05-31 17:47:00,India,https://randomuser.me/api/portraits/men/39.jpg
cookie_studio,Cookie Studio,Popular bakery showcasing dessert tutorials,"{food, baking, desserts}",t,2025-05-31 17:47:00,India,https://randomuser.me/api/portraits/women/39.jpg
subhagavi,Subha G,Food blogger known for healthy recipes,"{food, wellness}",t,2025-05-31 17:47:00,India,https://randomuser.me/api/portraits/women/40.jpg
suganyasubramanian,Suganya Subramanian,Chef and food vlogger,"{food, cooking, vegan}",t,2025-05-31 17:47:00,India,https://randomuser.me/api/portraits/women/41.jpg
monicalifood,Monica Nishlig,Community manager of India Food Network,"{food, content_aggregator}",t,2025-05-31 17:47:00,India,https://randomuser.me/api/portraits/women/42.jpg
shweta_agarwal,Shweta Agarwal,Blogger focusing on healthy Indian recipes,"{food, wellness}",t,2025-05-31 17:47:00,India,https://randomuser.me/api/portraits/women/95.jpg
chef_vicky,Vicky Kumar,Chef and YouTuber specializing in desserts,"{food, desserts}",t,2025-05-31 17:47:00,India,https://randomuser.me/api/portraits/men/118.jpg
fancybakers,Fancy Bakers,Home baking and cake decoration influencer,"{food, baking}",t,2025-05-31 17:47:00,India,https://randomuser.me/api/portraits/men/119.jpg
anisa_naksha,Anisa Naksha,Street food videographer,"{food, streetfood}",t,2025-05-31 17:47:00,India,https://randomuser.me/api/portraits/women/96.jpg
chef_raja,Chef Raja,Restaurant chef and recipe creator,"{food, cooking}",t,2025-05-31 17:47:00,India,https://randomuser.me/api/portraits/men/120.jpg
technical_guruji,Gaurav Chaudhary,"Indian YouTuber known as Technical Guruji, tech reviewer","{technology, gadgets}",t,2025-05-31 17:47:00,"Dubai, UAE",https://randomuser.me/api/portraits/men/41.jpg
tech_burner,Shlok Srivastava,Tech YouTuber making gadget reviews and tips,"{technology, reviews}",t,2025-05-31 17:47:00,India,https://randomuser.me/api/portraits/men/42.jpg
beebomco,Beebom,Tech news portal and YouTube channel,"{technology, news, reviews}",t,2025-05-31 17:47:00,India,https://randomuser.me/api/portraits/men/43.jpg
tech_iela,Tech Iela,Gadget-focused tech channel,"{technology, gadgets}",t,2025-05-31 17:47:00,India,https://randomuser.me/api/portraits/men/44.jpg
manojsaru,Manoj Saru,Technology journalist and influencer,"{technology, journalism}",t,2025-05-31 17:47:00,India,https://randomuser.me/api/portraits/men/45.jpg
therajivmakhni,Rajiv Makhni,Technology columnist and TV journalist,"{technology, journalism}",t,2025-05-31 17:47:00,"New Delhi, India",https://randomuser.me/api/portraits/men/46.jpg
elementec,Martand Sethi,Tech content creator focusing on gadgets,"{technology, gadgets}",t,2025-05-31 17:47:00,India,https://randomuser.me/api/portraits/men/47.jpg
trakintech,TrakinTech,Tech news and reviews channel by Ajey Nagar,"{technology, reviews, news}",t,2025-05-31 17:47:00,India,https://randomuser.me/api/portraits/men/48.jpg
technical_sapien,Technical Sapien,Tech enthusiast creating gadget reviews,"{technology, gadgets}",t,2025-05-31 17:47:00,India,https://randomuser.me/api/portraits/men/49.jpg
technical_sky,Nithin Mogili,YouTuber focusing on smartphone tech,"{technology, smartphones}",t,2025-05-31 17:47:00,India,https://randomuser.me/api/portraits/men/50.jpg
tech_spert,TechSpert,Tech news and review content channel,"{technology, news}",t,2025-05-31 17:47:00,India,https://randomuser.me/api/portraits/men/51.jpg
digidoty,Abhinav Jha,Digital marketing enthusiast and tech blogger,"{technology, marketing}",t,2025-05-31 17:47:00,India,https://randomuser.me/api/portraits/men/52.jpg
sainithintech,Sainithin,Technology and tutorial video creator,"{technology, tutorials}",t,2025-05-31 17:47:00,India,https://randomuser.me/api/portraits/men/53.jpg
geeky_ranjit,Ranjit Kumar,Veteran tech reviewer and educator,"{technology, reviews}",t,2025-05-31 17:47:00,"Bengaluru, India",https://randomuser.me/api/portraits/men/54.jpg
sharmaji_technical,Aman Sharma,Tech influencer known for gadget reviews,"{technology, gadgets}",t,2025-05-31 17:47:00,India,https://randomuser.me/api/portraits/men/55.jpg
igyaan,Gagan Chaudhary,Tech blogger and engineer sharing gadget news,"{technology, gadgets}",t,2025-05-31 17:47:00,India,https://randomuser.me/api/portraits/men/56.jpg
tech4vec,Tech4vec,Technology channel covering gadgets,"{technology, gadgets}",t,2025-05-31 17:47:00,India,https://randomuser.me/api/portraits/men/57.jpg
khan_is,Issa Khan,Tech and lifestyle creator,"{technology, lifestyle}",t,2025-05-31 17:47:00,India,https://randomuser.me/api/portraits/men/58.jpg
cybervillagesolution,Ramit Sharma,Technology YouTuber (CyberVillageSolution),"{technology, gaming}",t,2025-05-31 17:47:00,India,https://randomuser.me/api/portraits/men/59.jpg
mrindianhacker,Dilraj Singh,Tech and science experimenter,"{technology, science, experiments}",t,2025-05-31 17:47:00,"Ajmer, India",https://randomuser.me/api/portraits/men/60.jpg
komal_pandey,Komal Pandey,"Fashion, beauty and lifestyle content creator","{fashion, beauty, lifestyle}",t,2025-05-31 17:47:00,"Mumbai, India",https://randomuser.me/api/portraits/women/61.jpg
sakshi_sindwani,Sakshi Sindwani,Fashion and lifestyle influencer at StyleOverEmpries,"{fashion, lifestyle, blogging}",t,2025-05-31 17:47:00,"Mumbai, India",https://randomuser.me/api/portraits/women/62.jpg
ipsita_roychowdhury,Ipsita Roy Chowdhury,Makeup artist and lifestyle influencer,"{beauty, lifestyle, makeup}",t,2025-05-31 17:47:00,"Kolkata, India",https://randomuser.me/api/portraits/women/63.jpg
dolly_singh_ent,Dolly Singh,Comedian and style blogger,"{fashion, comedy, lifestyle}",t,2025-05-31 17:47:00,"Mumbai, India",https://randomuser.me/api/portraits/women/64.jpg
meghna_kaur,Meghna Kaur,Content creator and podcaster,"{fashion, lifestyle, podcast}",t,2025-05-31 17:47:00,India,https://randomuser.me/api/portraits/women/65.jpg
radhika_seth,Radhika Seth,Lifestyle blogger and former GQ editor,"{fashion, lifestyle, beauty}",t,2025-05-31 17:47:00,India,https://randomuser.me/api/portraits/women/66.jpg
aashnahegde,Aashna Hegde,Fashion and lifestyle content creator,"{fashion, lifestyle}",t,2025-05-31 17:47:00,India,https://randomuser.me/api/portraits/women/67.jpg
aashnashroff,Aashna Shroff,Fashion and home decor influencer,"{fashion, lifestyle, home_decor}",t,2025-05-31 17:47:00,"Mumbai, India",https://randomuser.me/api/portraits/women/68.jpg
kritika_k,Kritika Khurana,Fashion and lifestyle influencer,"{fashion, lifestyle}",t,2025-05-31 17:47:00,"Delhi, India",https://randomuser.me/api/portraits/women/69.jpg
meghnagaur,Meghna Gaur,Vlogger focusing on beauty and lifestyle,"{beauty, lifestyle}",t,2025-05-31 17:47:00,India,https://randomuser.me/api/portraits/women/70.jpg
tarashaikh,Tara Shaikh,Lifestyle content creator,"{lifestyle, travel, beauty}",t,2025-05-31 17:47:00,India,https://randomuser.me/api/portraits/women/71.jpg
anitamahendru,Anita Mahendru,Beauty and lifestyle blogger,"{beauty, lifestyle}",t,2025-05-31 17:47:00,India,https://randomuser.me/api/portraits/women/72.jpg
sejalkumar,Sejal Kumar,Fashion and lifestyle vlogger,"{fashion, lifestyle}",t,2025-05-31 17:47:00,India,https://randomuser.me/api/portraits/women/73.jpg
beautywithshaz,Shazmeen Hameed,Beauty and lifestyle content creator,"{beauty, lifestyle, makeup}",t,2025-05-31 17:47:00,India,https://randomuser.me/api/portraits/women/74.jpg
yashinaakhter,Yashina Akhter,Celebrity makeup artist and influencer,"{beauty, lifestyle}",t,2025-05-31 17:47:00,"Mumbai, India",https://randomuser.me/api/portraits/women/75.jpg
kritika_gaba,Kritika Gaba,Actor and lifestyle influencer,"{entertainment, lifestyle, fitness}",t,2025-05-31 17:47:00,"Delhi, India",https://randomuser.me/api/portraits/women/76.jpg
guru_gurmeet,Gurmeet,Wellness and meditation influencer,"{lifestyle, wellness}",t,2025-05-31 17:47:00,India,https://randomuser.me/api/portraits/men/62.jpg
techy_traveller,Tanya Taylor,Fashion and travel influencer,"{fashion, travel, lifestyle}",t,2025-05-31 17:47:00,India,https://randomuser.me/api/portraits/women/81.jpg
bharatsikka,Bharat Sikka,Renowned fashion photographer,"{photography, fashion, art}",t,2025-05-31 17:47:00,"New Delhi, India",https://randomuser.me/api/portraits/men/65.jpg
miekked,Sheena Patel,Fine art and portrait photographer,"{photography, art}",t,2025-05-31 17:47:00,"New Delhi, India",https://randomuser.me/api/portraits/women/82.jpg
kruger,Tara Chatterjee,Portrait photographer and educator,"{photography, portrait}",t,2025-05-31 17:47:00,"Mumbai, India",https://randomuser.me/api/portraits/women/83.jpg
prentice_kent,Manish Arora,Street photographer,"{photography, street}",t,2025-05-31 17:47:00,"Delhi, India",https://randomuser.me/api/portraits/men/66.jpg
theportraitguru,Siddarth Das,Wildlife and nature photographer,"{photography, wildlife, nature}",t,2025-05-31 17:47:00,"Kerala, India",https://randomuser.me/api/portraits/men/67.jpg
shivaniseth,Shivani Seth,Travel photographer and blogger,"{photography, travel}",t,2025-05-31 17:47:00,India,https://randomuser.me/api/portraits/women/84.jpg
storytellers,Rahul Kumar,Photojournalist and street photographer,"{photography, photojournalism}",t,2025-05-31 17:47:00,India,https://randomuser.me/api/portraits/men/68.jpg
india_dawn,Akanksha Singh,Landscape and travel photographer,"{photography, travel, landscape}",t,2025-05-31 17:47:00,"Himachal, India",https://randomuser.me/api/portraits/women/85.jpg
urbanframe,Arun Sharma,Architectural photographer,"{photography, architecture}",t,2025-05-31 17:47:00,"Mumbai, India",https://randomuser.me/api/portraits/men/69.jpg
lenspeople,Sudha Purohit,Lifestyle and portrait photographer,"{photography, lifestyle, portrait}",t,2025-05-31 17:47:00,"Bangalore, India",https://randomuser.me/api/portraits/women/86.jpg
rachana_ranade,CA Rachana Ranade,Chartered accountant and finance educator,"{education, finance}",t,2025-05-31 17:47:00,"Mumbai, India",https://randomuser.me/api/portraits/women/87.jpg
nitinbhatia,Nitin Bhatia,Stock market educator and author,"{education, finance}",t,2025-05-31 17:47:00,"Delhi, India",https://randomuser.me/api/portraits/men/70.jpg
giriasinh,Giri (Giriasinh),Engineering YouTuber and educator,"{education, technology}",t,2025-05-31 17:47:00,India,https://randomuser.me/api/portraits/men/71.jpg
khanakp,Dr. Khanak Priya,Science communicator and educator,"{education, science}",t,2025-05-31 17:47:00,India,https://randomuser.me/api/portraits/women/88.jpg
akashahn,Akash Banerjee,Math and physics tutor on YouTube,"{education, STEM}",t,2025-05-31 17:47:00,India,https://randomuser.me/api/portraits/men/72.jpg
cvsubranti,Subranti Kaushal,Fashion designing professor and influencer,"{education, fashion}",t,2025-05-31 17:47:00,India,https://randomuser.me/api/portraits/women/89.jpg
beartv,Bear Technology,Educational science channel,"{education, science}",t,2025-05-31 17:47:00,India,https://randomuser.me/api/portraits/men/73.jpg
dhareshyd,Dhareshy,Physics content creator and educator,"{education, science}",t,2025-05-31 17:47:00,India,https://randomuser.me/api/portraits/men/74.jpg
mentors,Aman Dhattarwal,Career and coaching YouTuber,"{education, career}",t,2025-05-31 17:47:00,"Delhi, India",https://randomuser.me/api/portraits/men/75.jpg
educationwithkush,Kush Sharma,Exam preparation educator,"{education, competitive_exams}",t,2025-05-31 17:47:00,India,https://randomuser.me/api/portraits/men/76.jpg
celestialwealth,Divya,Finance and math educator,"{education, finance, math}",t,2025-05-31 17:47:00,India,https://randomuser.me/api/portraits/women/90.jpg
srikanth_m,Srikanth P,Software development educator,"{education, technology}",t,2025-05-31 17:47:00,"Hyderabad, India",https://randomuser.me/api/portraits/men/77.jpg
studybuddy,Vikas Gupta,Competitive exams tutor,"{education, testprep}",t,2025-05-31 17:47:00,India,https://randomuser.me/api/portraits/men/78.jpg
doctorprac,Dr. Alok Pathak,Medical educator and mentor,"{education, medical}",t,2025-05-31 17:47:00,"Patna, India",https://randomuser.me/api/portraits/men/79.jpg
lifeofkiara,Kiara,Language learning and education influencer,"{education, languages}",t,2025-05-31 17:47:00,India,https://randomuser.me/api/portraits/women/91.jpg
physicswallah,Alakh Pandey,Educator on physics and chemistry (PhysicsWallah),"{education, science}",t,2025-05-31 17:47:00,India,https://randomuser.me/api/portraits/men/121.jpg
learnwithmegha,Megha Sharma,Language learning tutor,"{education, languages}",t,2025-05-31 17:47:00,India,https://randomuser.me/api/portraits/women/99.jpg
science_sir,Science Sir,Science experiment educator,"{education, science}",t,2025-05-31 17:47:00,India,https://randomuser.me/api/portraits/men/122.jpg
academike,Varun Gupta,Physics tutor and YouTuber,"{education, science}",t,2025-05-31 17:47:00,India,https://randomuser.me/api/portraits/men/123.jpg
chacha_chaudhary,Chacha Chaudhary,Storytelling and education influencer,"{education, storytelling}",t,2025-05-31 17:47:00,India,https://randomuser.me/api/portraits/men/124.jpg
wealthyanka,Ankur Warikoo,Entrepreneur sharing finance and motivation,"{finance, startup, motivation}",t,2025-05-31 17:47:00,"Mumbai, India",https://randomuser.me/api/portraits/men/80.jpg
subramoney,Subramoney,Personal finance vlogger,"{finance, personal_finance}",t,2025-05-31 17:47:00,"Delhi, India",https://randomuser.me/api/portraits/men/81.jpg
arthaveda,Nitin Rakesh,Investor and finance educator,"{finance, investing}",t,2025-05-31 17:47:00,India,https://randomuser.me/api/portraits/men/82.jpg
sanjaysaraf,Sanjay Saraf,Personal finance coach,"{finance, personal_finance}",t,2025-05-31 17:47:00,India,https://randomuser.me/api/portraits/men/83.jpg
moneywithvijay,Vijay Kumar,Investing and wealth-building influencer,"{finance, investing}",t,2025-05-31 17:47:00,India,https://randomuser.me/api/portraits/men/84.jpg
lovemoney,Love Money,Finance education channel,"{finance, education}",t,2025-05-31 17:47:00,India,https://randomuser.me/api/portraits/men/85.jpg
financialdiaries,Rachana Phadke Ranade,Finance and career guidance,"{finance, education}",t,2025-05-31 17:47:00,"Mumbai, India",https://randomuser.me/api/portraits/women/92.jpg
investory,Investment Guru,Stock market and mutual fund educator,"{finance, investing}",t,2025-05-31 17:47:00,India,https://randomuser.me/api/portraits/men/86.jpg
finnovation,FinnovationZ,Startup and finance news platform,"{finance, startups}",t,2025-05-31 17:47:00,India,https://randomuser.me/api/portraits/men/87.jpg
taxguru,Tax Guru,Taxation and finance advisory channel,"{finance, taxes}",t,2025-05-31 17:47:00,India,https://randomuser.me/api/portraits/men/88.jpg
simplypaisa,Vaibhav Kulkarni,Personal finance and investing teacher,"{finance, personal_finance}",t,2025-05-31 17:47:00,India,https://randomuser.me/api/portraits/men/89.jpg
crazysocial,CrazySocial,Social media related to finance content,"{finance, socialmedia}",t,2025-05-31 17:47:00,India,https://randomuser.me/api/portraits/men/90.jpg
fempowered,Vandana Shinde,Women empowerment through finance,"{finance, empowerment}",t,2025-05-31 17:47:00,India,https://randomuser.me/api/portraits/women/93.jpg
kitabigar,Kitabigar,Book reviews focusing on finance and entrepreneurship,"{finance, entrepreneurship}",t,2025-05-31 17:47:00,India,https://randomuser.me/api/portraits/men/91.jpg
saranshrsp,Saran RSP,Personal finance advisor,"{finance, investing}",t,2025-05-31 17:47:00,India,https://randomuser.me/api/portraits/men/92.jpg
cleverpaisa,CleverPaisa,Finance and savings influencer,"{finance, savings}",t,2025-05-31 17:47:00,India,https://randomuser.me/api/portraits/men/125.jpg
moneyhunt,Money Hunt,Personal finance education channel,"{finance, education}",t,2025-05-31 17:47:00,India,https://randomuser.me/api/portraits/men/126.jpg
investor_plans,Investor Plans,Stock market and investing channel,"{finance, investing}",t,2025-05-31 17:47:00,India,https://randomuser.me/api/portraits/men/127.jpg
tax_gyaan,Tax Gyaan,Taxation and financial advice content,"{finance, taxes}",t,2025-05-31 17:47:00,India,https://randomuser.me/api/portraits/men/128.jpg
fame_money,FameMoney,Celebrity insights into wealth,"{finance, wealth}",t,2025-05-31 17:47:00,India,https://randomuser.me/api/portraits/men/129.jpg
powerdrift,PowerDrift,Popular automobile review portal,"{automotive, reviews}",t,2025-05-31 17:47:00,"Pune, India",https://randomuser.me/api/portraits/men/93.jpg
autocarindia,Autocar India,Automotive magazine and YouTube channel,"{automotive, cars}",t,2025-05-31 17:47:00,India,https://randomuser.me/api/portraits/men/94.jpg
zaidkhan,Zaid Khan,Automotive and travel vlogger,"{automotive, travel}",t,2025-05-31 17:47:00,India,https://randomuser.me/api/portraits/men/95.jpg
autozeen,Autozeen,Car news and reviews portal,"{automotive, news}",t,2025-05-31 17:47:00,India,https://randomuser.me/api/portraits/men/96.jpg
bike_deals,BikeDeals,Motorcycle review and community channel,"{automotive, motorcycles}",t,2025-05-31 17:47:00,India,https://randomuser.me/api/portraits/men/97.jpg
mommasmemoir,Mommaâ€™s Memoir,Parenting blog and advice,"{parenting, family}",t,2025-05-31 17:47:00,India,https://randomuser.me/api/portraits/women/94.jpg
the_pixie_project,Ayesha,Creative activities for kids,"{parenting, kids, DIY}",t,2025-05-31 17:47:00,India,https://randomuser.me/api/portraits/women/95.jpg
momlife,Sherin,Lifestyle and parenting influencer,"{parenting, lifestyle, kids}",t,2025-05-31 17:47:00,India,https://randomuser.me/api/portraits/women/96.jpg
parenting_unplugged,Richa Kumar,Parenting tips and family stories,"{parenting, family}",t,2025-05-31 17:47:00,India,https://randomuser.me/api/portraits/women/97.jpg
family_focus,Priya Desai,Motherhood and family blogger,"{parenting, family, kids}",t,2025-05-31 17:47:00,India,https://randomuser.me/api/portraits/women/98.jpg
bhuvanbam,Bhuvan Bam,Comedian and creator (BB Ki Vines),"{entertainment, comedy, music}",t,2025-05-31 17:47:00,"Delhi, India",https://randomuser.me/api/portraits/men/99.jpg
ashishchanchlani,Ashish Chanchlani,YouTube comedian and sketch artist,"{entertainment, comedy}",t,2025-05-31 17:47:00,"Mumbai, India",https://randomuser.me/api/portraits/men/100.jpg
tanmaybhat,Tanmay Bhat,Comedian and co-founder of AIB,"{entertainment, comedy}",t,2025-05-31 17:47:00,"Mumbai, India",https://randomuser.me/api/portraits/men/101.jpg
allaiswell,All India Bakchod,Comedy collective and content creators,"{entertainment, comedy}",t,2025-05-31 17:47:00,"Mumbai, India",https://randomuser.me/api/portraits/men/102.jpg
sejalbhat,Sejal Bhat,Lifestyle and comedy vlogger,"{entertainment, lifestyle}",t,2025-05-31 17:47:00,India,https://randomuser.me/api/portraits/women/102.jpg
parmishver,Parmish Verma,Actor and singer posting lifestyle content,"{entertainment, music}",t,2025-05-31 17:47:00,"Mumbai, India",https://randomuser.me/api/portraits/men/130.jpg
viralbhayani,Viral Bhayani,Celebrity photographer and gossip influencer,"{entertainment, photography}",t,2025-05-31 17:47:00,"Mumbai, India",https://randomuser.me/api/portraits/men/131.jpg
mrbrainwash,Kirill,Music and entertainment vlogger,"{entertainment, music}",t,2025-05-31 17:47:00,India,https://randomuser.me/api/portraits/men/132.jpg
houseoffilm,House of Film,Movie review and entertainment news,"{entertainment, film}",t,2025-05-31 17:47:00,India,https://randomuser.me/api/portraits/men/133.jpg
thecomedyfactory,The Comedy Factory,YouTube comedy channel,"{entertainment, comedy}",t,2025-05-31 17:47:00,India,https://randomuser.me/api/portraits/men/134.jpg
gamer_dad,Dhar Mann,Lifestyle and motivational video creator,"{gaming, storytelling}",t,2025-05-31 17:47:00,USA,https://randomuser.me/api/portraits/men/103.jpg
tonnicraft,Tonicraft,Gaming influencer streaming mobile games,"{gaming, entertainment}",t,2025-05-31 17:47:00,India,https://randomuser.me/api/portraits/men/104.jpg
mw2_in,MW2_IN,Call of Duty Warzone professional player,"{gaming, esports}",t,2025-05-31 17:47:00,India,https://randomuser.me/api/portraits/men/105.jpg
anxiouslycool,Ankush,YouTube gaming content creator,"{gaming, reviews}",t,2025-05-31 17:47:00,India,https://randomuser.me/api/portraits/men/106.jpg
thecitygirl,TheCityGirlGamer,Female gaming streamer and lifestyle vlogger,"{gaming, lifestyle}",t,2025-05-31 17:47:00,India,https://randomuser.me/api/portraits/women/103.jpg
mr8bit,8bit Thug,Retro gaming streamer,"{gaming, retro}",t,2025-05-31 17:47:00,India,https://randomuser.me/api/portraits/men/107.jpg
rocketvspatidar,RocketVSPatidar,Gaming commentator,"{gaming, comedy}",t,2025-05-31 17:47:00,India,https://randomuser.me/api/portraits/men/108.jpg
carryminati,CarryMinati,Popular gaming and comedic content creator,"{gaming, entertainment}",t,2025-05-31 17:47:00,"Faridabad, India",https://randomuser.me/api/portraits/men/109.jpg
desi_gamerz,Desi Gamerz,Gaming channel by Indian streamer,"{gaming, entertainment}",t,2025-05-31 17:47:00,India,https://randomuser.me/api/portraits/men/110.jpg
saim_in,Despacito Slayer,Warzone player and streamer,"{gaming, esports}",t,2025-05-31 17:47:00,India,https://randomuser.me/api/portraits/men/111.jpg